"Province_Territory","Election_Date","Election_Type","Parliament","Constituency","Candidate","Gender","Occupation","Political_Affiliation","Result","Votes"
"Alberta",1926-09-14,"General","16","Acadia","Gardiner, Robert","Man","Farmer","United Farmers of Alberta","Elected",7041
"Alberta",1926-09-14,"General","16","Acadia","WADE, George Harrison","Man","Physician","Conservative (1867-1942)","Defeated",1803
"Alberta",1926-09-14,"General","16","Athabaska","Kellner, Donald Ferdinand","Man","Farmer","United Farmers of Alberta","Elected",4870
"Alberta",1926-09-14,"General","16","Athabaska","Cross, Charles Wilson","Man","Barrister","Liberal Party of Canada","Defeated",2770
"Alberta",1926-09-14,"General","16","Battle River","Spencer, Henry Elvins","Man","Farmer","United Farmers of Alberta","Elected",5597
"Alberta",1926-09-14,"General","16","Battle River","MORRISON, John William Geddie","Man","Barrister","Conservative (1867-1942)","Defeated",1985
"Alberta",1926-09-14,"General","16","Bow River","Garland, Edward Joseph","Man","Farmer","United Farmers of Alberta","Elected",5144
"Alberta",1926-09-14,"General","16","Bow River","SCRATCH, Acle Carman","Man","Farmer","Conservative (1867-1942)","Defeated",3028
"Alberta",1926-09-14,"General","16","Calgary East","Adshead, Herbert Bealey","Man","Retired farmer","Labour","Elected",6707
"Alberta",1926-09-14,"General","16","Calgary East","Davis, Alfred (Fred)","Man","Farmer","Conservative (1867-1942)","Defeated",5132
"Alberta",1926-09-14,"General","16","Calgary East","GUY, William Edward Wood","Man","Carpenter","Independent","Defeated",163
"Alberta",1926-09-14,"General","16","Calgary West","Bennett, Richard Bedford","Man","Barrister-at-law","Conservative (1867-1942)","Elected",8951
"Alberta",1926-09-14,"General","16","Calgary West","LUNNEY, Harry William","Man","Barrister-at-law","Liberal Party of Canada","Defeated",6502
"Alberta",1926-09-14,"General","16","Camrose","Lucas, William Thomas","Man","Farmer","United Farmers of Alberta","Elected",5100
"Alberta",1926-09-14,"General","16","Camrose","MCIVOR, Donald Randolph","Man","Merchant","Liberal Party of Canada","Defeated",3490
"Alberta",1926-09-14,"General","16","Edmonton East","Blatchford, Kenneth Alexander","Man","Agent","Liberal Party of Canada","Elected",5090
"Alberta",1926-09-14,"General","16","Edmonton East","Bury, Ambrose Upton Gledstanes","Man","Barrister","Conservative (1867-1942)","Defeated",4925
"Alberta",1926-09-14,"General","16","Edmonton West","Stewart, Charles A.","Man","Farmer","Liberal Party of Canada","Elected",7223
"Alberta",1926-09-14,"General","16","Edmonton West","JAMIESON, Frederick Charles","Man","Barrister","Conservative (1867-1942)","Defeated",5772
"Alberta",1926-09-14,"General","16","Lethbridge","Jelliff, Lincoln Henry","Man","Farmer","United Farmers of Alberta","Elected",5138
"Alberta",1926-09-14,"General","16","Lethbridge","HOGG, Andrew Bryden","Man","Barrister-at-law","Conservative (1867-1942)","Defeated",3435
"Alberta",1926-09-14,"General","16","Macleod","Coote, George Gibson","Man","Farmer","United Farmers of Alberta","Elected",6840
"Alberta",1926-09-14,"General","16","Macleod","Herron, John","Man","Retired farmer","Conservative (1867-1942)","Defeated",3465
"Alberta",1926-09-14,"General","16","Medicine Hat","Gershaw, Frederick William","Man","Physician","Liberal Party of Canada","Elected",4206
"Alberta",1926-09-14,"General","16","Medicine Hat","BLACKSTOCK, Gilbert McNeill","Man","Barrister and solicitor","Conservative (1867-1942)","Defeated",2226
"Alberta",1926-09-14,"General","16","Medicine Hat","AXELSON, Carl Henning","Man","Farmer","United Farmers of Alberta","Defeated",2081
"Alberta",1926-09-14,"General","16","Peace River","Kennedy, Donald MacBeth","Man","Farmer","United Farmers of Alberta","Elected",5323
"Alberta",1926-09-14,"General","16","Peace River","COLLINS, James Arthur","Man","Lumberman","Conservative (1867-1942)","Defeated",4398
"Alberta",1926-09-14,"General","16","Peace River","CLARKE, Joseph Andrew","Man","Barrister","Liberal Party of Canada","Defeated",2642
"Alberta",1926-09-14,"General","16","Red Deer","Speakman, Alfred","Man","Farmer","United Farmers of Alberta","Elected",5603
"Alberta",1926-09-14,"General","16","Red Deer","LA FRANCE, Joseph George","Man","Life insurance superintendent","Conservative (1867-1942)","Defeated",2151
"Alberta",1926-09-14,"General","16","Vegreville","Luchkovich, Michael","Man","School teacher","United Farmers of Alberta","Elected",4106
"Alberta",1926-09-14,"General","16","Vegreville","MCCALLUM, Joseph Seeley","Man","Farmer and broker","Unknown","Defeated",3378
"Alberta",1926-09-14,"General","16","Wetaskiwin","Irvine, William","Man","Farmer","United Farmers of Alberta","Elected",3897
"Alberta",1926-09-14,"General","16","Wetaskiwin","Tobin, Stanley Gilbert","Man","Farmer","Liberal Party of Canada","Defeated",3150
"Alberta",1926-09-14,"General","16","Wetaskiwin","RUSSELL, Charles Homer","Man","Barrister","Conservative (1867-1942)","Defeated",2243
"British Columbia",1926-09-14,"General","16","Cariboo","Fraser, John Anderson","Man","Merchant","Conservative (1867-1942)","Elected",7200
"British Columbia",1926-09-14,"General","16","Cariboo","GRAHAM, Joseph","Man","Mining superintendent","Liberal Party of Canada","Defeated",6386
"British Columbia",1926-09-14,"General","16","Comox--Alberni","Neill, Alan Webster","Man","Merchant","Independent","Elected",4307
"British Columbia",1926-09-14,"General","16","Comox--Alberni","MACDONALD, Donald Robert","Man","Locomotive engineer","Conservative (1867-1942)","Defeated",2831
"British Columbia",1926-09-14,"General","16","Comox--Alberni","ARMISHAW, John Edward","Man","Farmer","Labour","Defeated",185
"British Columbia",1926-09-14,"General","16","Fraser Valley","Barber, Harry James","Man","Druggist","Conservative (1867-1942)","Elected",6217
"British Columbia",1926-09-14,"General","16","Fraser Valley","MANUEL, Elihu","Man","Retired clergyman","Liberal Party of Canada","Defeated",4117
"British Columbia",1926-09-14,"General","16","Kootenay East","King, James Horace","Man","Physician","Liberal Party of Canada","Elected",3547
"British Columbia",1926-09-14,"General","16","Kootenay East","RUTLEDGE, John Wesley","Man","Veterinary surgeon","Conservative (1867-1942)","Defeated",3272
"British Columbia",1926-09-14,"General","16","Kootenay East","SIMS, James","Man","Car inspector","Labour","Defeated",1444
"British Columbia",1926-09-14,"General","16","Kootenay West","Esling, William Kemble","Man","General agent","Conservative (1867-1942)","Elected",6247
"British Columbia",1926-09-14,"General","16","Kootenay West","GALE, Robert Henry","Man","Merchant","Liberal Party of Canada","Defeated",5257
"British Columbia",1926-09-14,"General","16","Nanaimo","Dickie, Charles Herbert","Man","Mining operator","Conservative (1867-1942)","Elected",10464
"British Columbia",1926-09-14,"General","16","Nanaimo","O'HALLORAN, Cornelius Hawkins","Man","Barrister-at-law","Liberal Party of Canada","Defeated",5274
"British Columbia",1926-09-14,"General","16","New Westminster","McQuarrie, William Garland","Man","Barrister-at-law","Conservative (1867-1942)","Elected",8624
"British Columbia",1926-09-14,"General","16","New Westminster","KNIGHT, Charles Cair","Man","Broker","Liberal Party of Canada","Defeated",6384
"British Columbia",1926-09-14,"General","16","New Westminster","PRITCHARD, William Arthur","Man","Freight agent","Labour","Defeated",3533
"British Columbia",1926-09-14,"General","16","Skeena","Brady, James Charles","Man","School principal","Conservative (1867-1942)","Elected",4170
"British Columbia",1926-09-14,"General","16","Skeena","Stork, Alfred","Man","Merchant","Liberal Party of Canada","Defeated",3849
"British Columbia",1926-09-14,"General","16","Vancouver Centre","Stevens, Henry Herbert","Man","Broker and Accountant","Conservative (1867-1942)","Elected",10326
"British Columbia",1926-09-14,"General","16","Vancouver Centre","Donaghy, Dugald","Man","Barrister-at-law","Liberal Party of Canada","Defeated",8471
"British Columbia",1926-09-14,"General","16","Vancouver Centre","KINGSLEY, Eugene Thorton","Man","Printer","Labour","Defeated",527
"British Columbia",1926-09-14,"General","16","Vancouver North","McRae, Alexander Duncan","Man","Lumberman","Conservative (1867-1942)","Elected",5080
"British Columbia",1926-09-14,"General","16","Vancouver North","McGeer, Gerald Grattan","Man","Barrister-at-law and iron moulder","Liberal Party of Canada","Defeated",4388
"British Columbia",1926-09-14,"General","16","Vancouver North","LEFEAUX, Wallis Walter","Man","Barrister-at-law","Labour","Defeated",1363
"British Columbia",1926-09-14,"General","16","Vancouver North","GILL, James Cavers","Man","Manufacturer","Independent","Defeated",23
"British Columbia",1926-09-14,"General","16","Vancouver South","Ladner, Leon Johnson","Man","Barrister-at-law","Conservative (1867-1942)","Elected",9762
"British Columbia",1926-09-14,"General","16","Vancouver South","KERR, Paul McDowell","Man","Barrister and solicitor","Liberal Party of Canada","Defeated",4973
"British Columbia",1926-09-14,"General","16","Vancouver South","HURRY, Alfred","Man","Plasterer","Labour","Defeated",2693
"British Columbia",1926-09-14,"General","16","Vancouver--Burrard","Clark, John Arthur","Man","Barrister and solicitor","Conservative (1867-1942)","Elected",11227
"British Columbia",1926-09-14,"General","16","Vancouver--Burrard","Hanbury, Wilfred","Man","Lumberman","Liberal Party of Canada","Defeated",7692
"British Columbia",1926-09-14,"General","16","Vancouver--Burrard","CURRY, William Jamison","Man","Dentist","Labour","Defeated",2012
"British Columbia",1926-09-14,"General","16","Victoria","Tolmie, Simon Fraser","Man","Veterinary surgeon","Conservative (1867-1942)","Elected",6831
"British Columbia",1926-09-14,"General","16","Victoria","MARTIN, Edward Oliver Carew","Man","Barrister-at-law","Liberal Party of Canada","Defeated",4051
"British Columbia",1926-09-14,"General","16","Yale","Stirling, Grote","Man","Fruit grower and civil engineer","Conservative (1867-1942)","Elected",7815
"British Columbia",1926-09-14,"General","16","Yale","COSSITT, Fremont Blakeslee","Man","Fruit grower","Liberal Party of Canada","Defeated",3928
"Manitoba",1926-09-14,"General","16","Brandon","Forke, Robert","Man","Farmer","Liberal Progressive","Elected",8267
"Manitoba",1926-09-14,"General","16","Brandon","Beaubier, David Wilson","Man","Retired farmer","Conservative (1867-1942)","Defeated",7101
"Manitoba",1926-09-14,"General","16","Dauphin","Ward, William John","Man","Farmer","Liberal Progressive","Elected",7260
"Manitoba",1926-09-14,"General","16","Dauphin","Bowman, James Langstaff","Man","Barrister","Conservative (1867-1942)","Defeated",5502
"Manitoba",1926-09-14,"General","16","Lisgar","Brown, John Livingstone","Man","Farmer","Liberal Progressive","Elected",4657
"Manitoba",1926-09-14,"General","16","Lisgar","ROWE, William James","Man","Barrister","Conservative (1867-1942)","Defeated",3790
"Manitoba",1926-09-14,"General","16","Macdonald","Lovie, William James","Man","Farmer","Progressive","Elected",6652
"Manitoba",1926-09-14,"General","16","Macdonald","SCHWEITZER, Valmore Eric","Man","Barrister","Conservative (1867-1942)","Defeated",4306
"Manitoba",1926-09-14,"General","16","Marquette","Glen, James Allison","Man","Barrister-at-law","Liberal Progressive","Elected",7327
"Manitoba",1926-09-14,"General","16","Marquette","Mullins, Henry Alfred","Man","Cattle exporter and farmer","Conservative (1867-1942)","Defeated",6235
"Manitoba",1926-09-14,"General","16","Neepawa","Milne, Robert","Man","Farmer","Progressive","Elected",6293
"Manitoba",1926-09-14,"General","16","Neepawa","Murphy, Thomas Gerow","Man","Druggist","Conservative (1867-1942)","Defeated",4495
"Manitoba",1926-09-14,"General","16","Nelson","Bird, Thomas William","Man","Clergyman","Progressive","Elected",3042
"Manitoba",1926-09-14,"General","16","Nelson","MYERS, Joseph","Man","Managing director","Conservative (1867-1942)","Defeated",2632
"Manitoba",1926-09-14,"General","16","Portage la Prairie","McPherson, Ewen Alexander","Man","Barrister-at-law","Liberal Party of Canada","Elected",6394
"Manitoba",1926-09-14,"General","16","Portage la Prairie","Meighen, Arthur","Man","Prime Minister of Canada","Conservative (1867-1942)","Defeated",5966
"Manitoba",1926-09-14,"General","16","Provencher","Beaubien, Arthur-Lucien","Man","Farmer","Liberal Progressive","Elected (Acclamation)",0
"Manitoba",1926-09-14,"General","16","Selkirk","Bancroft, Leland Payson","Man","Farmer","Liberal Progressive","Elected",7016
"Manitoba",1926-09-14,"General","16","Selkirk","Hannesson, Hannes Marino","Man","Barrister-at-law","Conservative (1867-1942)","Defeated",5104
"Manitoba",1926-09-14,"General","16","Souris","Steedsman, James","Man","Farmer","Progressive","Elected",6105
"Manitoba",1926-09-14,"General","16","Souris","Willis, Errick French","Man","Barrister","Conservative (1867-1942)","Defeated",4946
"Manitoba",1926-09-14,"General","16","Springfield","Bissett, Edgar Douglas Richmond","Man","Physician","Liberal Progressive","Elected",3852
"Manitoba",1926-09-14,"General","16","Springfield","Hay, Thomas","Man","Farmer","Conservative (1867-1942)","Defeated",2638
"Manitoba",1926-09-14,"General","16","Springfield","DUNN, Thomas Herbert","Man","Secretary","Labour","Defeated",1375
"Manitoba",1926-09-14,"General","16","St. Boniface","Howden, John Power","Man","Physician","Liberal Party of Canada","Elected",5903
"Manitoba",1926-09-14,"General","16","St. Boniface","BERNIER, Joseph","Man","Barrister-at-law","Conservative (1867-1942)","Defeated",3235
"Manitoba",1926-09-14,"General","16","St. Boniface","MEIKLE, Allan","Man","Machinist","Labour","Defeated",2427
"Manitoba",1926-09-14,"General","16","Winnipeg North","Heaps, Abraham Albert","Man","Agent","Labour","Elected",6171
"Manitoba",1926-09-14,"General","16","Winnipeg North","KNOX, Richard R.","Man","Assistant general manager","Conservative (1867-1942)","Defeated",3555
"Manitoba",1926-09-14,"General","16","Winnipeg North","MCTAVISH, George Boyd","Man","Physician","Liberal Party of Canada","Defeated",2821
"Manitoba",1926-09-14,"General","16","Winnipeg North Centre","Woodsworth, James Shaver","Man","Lecturer","Labour","Elected",7221
"Manitoba",1926-09-14,"General","16","Winnipeg North Centre","BANFIELD, Jose Alexander","Man","Merchant","Conservative (1867-1942)","Defeated",4220
"Manitoba",1926-09-14,"General","16","Winnipeg South","McDiarmid, John Stewart","Man","Merchant","Liberal Party of Canada","Elected",8809
"Manitoba",1926-09-14,"General","16","Winnipeg South","Rogers, Robert","Man","Gentleman","Conservative (1867-1942)","Defeated",7638
"Manitoba",1926-09-14,"General","16","Winnipeg South Centre","Thorson, Joseph Thorarinn","Man","Barrister-at-law","Liberal Party of Canada","Elected",12315
"Manitoba",1926-09-14,"General","16","Winnipeg South Centre","Kennedy, William Walker","Man","Barrister-at-law","Conservative (1867-1942)","Defeated",11737
"New Brunswick",1926-09-14,"General","16","Charlotte","Grimmer, Robert Watson","Man","Merchant","Conservative (1867-1942)","Elected",4967
"New Brunswick",1926-09-14,"General","16","Charlotte","MCLAUGHLIN, P. Elmer","Man","Barrister","Liberal Party of Canada","Defeated",3677
"New Brunswick",1926-09-14,"General","16","Gloucester","Veniot, Peter John","Man","Insurance agent","Liberal Party of Canada","Elected",7992
"New Brunswick",1926-09-14,"General","16","Gloucester","DUMAS, Joseph S.","Man","Farmer","Conservative (1867-1942)","Defeated",6333
"New Brunswick",1926-09-14,"General","16","Kent","Bourgeois, Alfred Edmond","Man","Clerk","Liberal Party of Canada","Elected",4799
"New Brunswick",1926-09-14,"General","16","Kent","Doucet, Alexandre Joseph","Man","Farmer","Conservative (1867-1942)","Defeated",4173
"New Brunswick",1926-09-14,"General","16","Northumberland","Morrissy, Charles Joseph","Man","Accountant","Liberal Party of Canada","Elected",6201
"New Brunswick",1926-09-14,"General","16","Northumberland","Fish, Charles Elijah","Man","Gentleman","Conservative (1867-1942)","Defeated",5687
"New Brunswick",1926-09-14,"General","16","Restigouche--Madawaska","Blanchard, Stanislas","Man","Gentleman","Liberal Party of Canada","Elected",9033
"New Brunswick",1926-09-14,"General","16","Restigouche--Madawaska","Culligan, Arthur Patrick","Man","Lumberman","Conservative (1867-1942)","Defeated",6850
"New Brunswick",1926-09-14,"General","16","Royal","Jones, George Burpee","Man","Merchant","Conservative (1867-1942)","Elected",7266
"New Brunswick",1926-09-14,"General","16","Royal","McAlister, Duncan Hamilton","Man","Physician","Liberal Party of Canada","Defeated",5973
"New Brunswick",1926-09-14,"General","16","St. John--Albert","MacLaren, Murray","Man","Physician","Conservative (1867-1942)","Elected",12441
"New Brunswick",1926-09-14,"General","16","St. John--Albert","Bell, Thomas","Man","Merchant","Conservative (1867-1942)","Elected",12310
"New Brunswick",1926-09-14,"General","16","St. John--Albert","Ryan, William Michael","Man",NA,"Liberal Party of Canada","Defeated",8007
"New Brunswick",1926-09-14,"General","16","St. John--Albert","HAYES, Robert Thomas","Man","Wholesale shoe merchant","Liberal Party of Canada","Defeated",7356
"New Brunswick",1926-09-14,"General","16","Victoria--Carleton","Flemming, James Kidd","Man","Lumberman","Conservative (1867-1942)","Elected",7865
"New Brunswick",1926-09-14,"General","16","Victoria--Carleton","Foster, Albion Roudolph","Man","Farmer","Liberal Party of Canada","Defeated",6764
"New Brunswick",1926-09-14,"General","16","Westmorland","Price, Otto Baird","Man","Dental surgeon","Conservative (1867-1942)","Elected",10737
"New Brunswick",1926-09-14,"General","16","Westmorland","Emmerson, Henry Read","Man","Farmer","Liberal Party of Canada","Defeated",10204
"New Brunswick",1926-09-14,"General","16","York--Sunbury","Hanson, Richard Burpee","Man","Barrister-at-law","Conservative (1867-1942)","Elected",8451
"New Brunswick",1926-09-14,"General","16","York--Sunbury","HUGHES, Peter J.","Man","Barrister","Liberal Party of Canada","Defeated",4459
"Nova Scotia",1926-09-14,"General","16","Antigonish--Guysborough","Douglas, John Carey","Man","Barrister","Conservative (1867-1942)","Elected",6140
"Nova Scotia",1926-09-14,"General","16","Antigonish--Guysborough","McIsaac, Colin Francis","Man","Barrister","Liberal Party of Canada","Defeated",6003
"Nova Scotia",1926-09-14,"General","16","Cape Breton North--Victoria","Johnstone, Lewis Wilkieson","Man","Physician and surgeon","Conservative (1867-1942)","Elected",6284
"Nova Scotia",1926-09-14,"General","16","Cape Breton North--Victoria","DWYER, Michael","Man","Mechanical engineer","Liberal Party of Canada","Defeated",4691
"Nova Scotia",1926-09-14,"General","16","Cape Breton South","MacDonald, Finlay","Man","Barrister","Conservative (1867-1942)","Elected",8924
"Nova Scotia",1926-09-14,"General","16","Cape Breton South","MORRISON, Daniel W.","Man","Miner","Labour","Defeated",6412
"Nova Scotia",1926-09-14,"General","16","Colchester","MacNutt, George Taylor","Man","Contractor","Conservative (1867-1942)","Elected",6067
"Nova Scotia",1926-09-14,"General","16","Colchester","DICKIE, Alfred","Man","Lumberman","Liberal Party of Canada","Defeated",4049
"Nova Scotia",1926-09-14,"General","16","Cumberland","Smith, Robert Knowlton","Man","Barrister-at-law","Conservative (1867-1942)","Elected",8176
"Nova Scotia",1926-09-14,"General","16","Cumberland","HANWAY, James Albert","Man","Barrister","Liberal Party of Canada","Defeated",6609
"Nova Scotia",1926-09-14,"General","16","Digby--Annapolis","Short, Harry Bernard","Man","Manager","Conservative (1867-1942)","Elected",8159
"Nova Scotia",1926-09-14,"General","16","Digby--Annapolis","Lovett, Lewis Johnstone","Man","Physician","Liberal Party of Canada","Defeated",7851
"Nova Scotia",1926-09-14,"General","16","Halifax","Black, William Anderson","Man","Minister of Railways and Canals","Conservative (1867-1942)","Elected",17911
"Nova Scotia",1926-09-14,"General","16","Halifax","Quinn, Felix Patrick","Man","Manufacturer","Conservative (1867-1942)","Elected",17171
"Nova Scotia",1926-09-14,"General","16","Halifax","Ralston, James Layton","Man","Barrister","Liberal Party of Canada","Defeated",14139
"Nova Scotia",1926-09-14,"General","16","Halifax","MURPHY, John","Man","Real estate agent","Liberal Party of Canada","Defeated",14007
"Nova Scotia",1926-09-14,"General","16","Hants--Kings","Ilsley, James Lorimer","Man","Barrister","Liberal Party of Canada","Elected",10261
"Nova Scotia",1926-09-14,"General","16","Hants--Kings","Foster, Arthur de Witt","Man","Broker","Conservative (1867-1942)","Defeated",10181
"Nova Scotia",1926-09-14,"General","16","Inverness","MacDougall, Isaac Duncan","Man","Student","Conservative (1867-1942)","Elected",4946
"Nova Scotia",1926-09-14,"General","16","Inverness","MacLennan, Donald","Man","Barrister","Liberal Party of Canada","Defeated",4296
"Nova Scotia",1926-09-14,"General","16","Pictou","Cantley, Thomas","Man","Manufacturer","Conservative (1867-1942)","Elected",9304
"Nova Scotia",1926-09-14,"General","16","Pictou","FRASER, James A.","Man","Editor","Liberal Party of Canada","Defeated",7920
"Nova Scotia",1926-09-14,"General","16","Queens--Lunenburg","Ernst, William Gordon","Man","Barrister-at-law","Conservative (1867-1942)","Elected",9925
"Nova Scotia",1926-09-14,"General","16","Queens--Lunenburg","Duff, William","Man","Merchant","Liberal Party of Canada","Defeated",9136
"Nova Scotia",1926-09-14,"General","16","Richmond--West Cape Breton","Macdonald, John Alexander (1883-1945)","Man","Physician","Conservative (1867-1942)","Elected",3769
"Nova Scotia",1926-09-14,"General","16","Richmond--West Cape Breton","BOYD, Donald D.","Man","Barrister","Liberal Party of Canada","Defeated",3280
"Nova Scotia",1926-09-14,"General","16","Shelburne--Yarmouth","Hatfield, Paul Lacombe","Man","Commission broker","Liberal Party of Canada","Elected",7339
"Nova Scotia",1926-09-14,"General","16","Shelburne--Yarmouth","PATTERSON, Frank Harris","Man","Barrister-at-law","Conservative (1867-1942)","Defeated",6008
"Ontario",1926-09-14,"General","16","Algoma East","Bowman, Beniah","Man","Farmer","United Farmers of Ontario","Elected",6909
"Ontario",1926-09-14,"General","16","Algoma East","Nicholson, George Brecken","Man","Lumberman","Conservative (1867-1942)","Defeated",6143
"Ontario",1926-09-14,"General","16","Algoma West","Simpson, Thomas Edward","Man","Merchant","Conservative (1867-1942)","Elected",7171
"Ontario",1926-09-14,"General","16","Brant","Smoke, Franklin","Man","Barrister","Conservative (1867-1942)","Elected",4218
"Ontario",1926-09-14,"General","16","Brant","DAVIDSON, Thomas Scott","Man","Auctioneer","Liberal Progressive","Defeated",4065
"Ontario",1926-09-14,"General","16","Brantford City","Ryerson, Robert Edwy","Man","Merchant","Conservative (1867-1942)","Elected",7070
"Ontario",1926-09-14,"General","16","Brantford City","Macdonald, William Ross","Man","Barrister-at-law","Liberal Party of Canada","Defeated",5993
"Ontario",1926-09-14,"General","16","Bruce North","Malcolm, James","Man","Manufacturer","Liberal Party of Canada","Elected",5447
"Ontario",1926-09-14,"General","16","Bruce North","Clark, Hugh","Man","Editor","Conservative (1867-1942)","Defeated",4959
"Ontario",1926-09-14,"General","16","Bruce North","SMELLIE, William","Man","Farmer","Independent","Defeated",53
"Ontario",1926-09-14,"General","16","Bruce South","Hall, Walter Allan","Man","Physician","Liberal Party of Canada","Elected",5050
"Ontario",1926-09-14,"General","16","Bruce South","FOWLER, George S.","Man","Dentist","Conservative (1867-1942)","Defeated",3504
"Ontario",1926-09-14,"General","16","Bruce South","WEIGEL, John","Man","Farmer","Progressive","Defeated",1791
"Ontario",1926-09-14,"General","16","Carleton","Garland, William Foster","Man","Druggist","Conservative (1867-1942)","Elected",7415
"Ontario",1926-09-14,"General","16","Carleton","CUMMINGS, Mortimer Newton","Man","Manufacturer","Liberal Party of Canada","Defeated",5744
"Ontario",1926-09-14,"General","16","Dufferin--Simcoe","Rowe, William Earl","Man","Farmer","Conservative (1867-1942)","Elected",8376
"Ontario",1926-09-14,"General","16","Dufferin--Simcoe","O'FLYNN, Thomas Johnston","Man","Merchant","Independent","Defeated",5303
"Ontario",1926-09-14,"General","16","Durham","Bowen, Fred Wellington","Man","Farmer","Conservative (1867-1942)","Elected",6508
"Ontario",1926-09-14,"General","16","Durham","STAPLES, Melville Howden","Man","Farmer","Liberal Progressive","Defeated",5024
"Ontario",1926-09-14,"General","16","Elgin West","Hepburn, Mitchell Frederick","Man","Farmer","Liberal Party of Canada","Elected",7920
"Ontario",1926-09-14,"General","16","Elgin West","McKillop, Hugh Cummings","Man","Manufacturer","Conservative (1867-1942)","Defeated",7742
"Ontario",1926-09-14,"General","16","Essex East","Odette, Edmond George","Man","Manufacturer","Liberal Party of Canada","Elected",7555
"Ontario",1926-09-14,"General","16","Essex East","Morand, Raymond Ducharme","Man","Physician","Conservative (1867-1942)","Defeated",6724
"Ontario",1926-09-14,"General","16","Essex South","Gott, Eccles James","Man","Real estate broker","Conservative (1867-1942)","Elected",6761
"Ontario",1926-09-14,"General","16","Essex South","ROWLEY, Thomas","Man","Farmer","Liberal Party of Canada","Defeated",6438
"Ontario",1926-09-14,"General","16","Essex West","Robinson, Sidney Cecil","Man","Manufacturer","Conservative (1867-1942)","Elected",11555
"Ontario",1926-09-14,"General","16","Essex West","RODD, John Henry","Man","Lawyer","Liberal Party of Canada","Defeated",11095
"Ontario",1926-09-14,"General","16","Fort William","Manion, Robert James","Man","Physician","Conservative (1867-1942)","Elected",5173
"Ontario",1926-09-14,"General","16","Fort William","WELSH, William Nassau","Man","Ironworker","Labour","Defeated",2440
"Ontario",1926-09-14,"General","16","Frontenac--Addington","Edwards, John Wesley","Man","Physician","Conservative (1867-1942)","Elected",7802
"Ontario",1926-09-14,"General","16","Frontenac--Addington","BUSHELL, Robert John","Man","Vegetable grower","Progressive","Defeated",5158
"Ontario",1926-09-14,"General","16","Glengarry","Macdonald, Archibald John","Man","Merchant","Liberal Party of Canada","Elected",4382
"Ontario",1926-09-14,"General","16","Glengarry","MACCUAIG, Duncan D.","Man","Auctioneer","Conservative (1867-1942)","Defeated",3749
"Ontario",1926-09-14,"General","16","Grenville--Dundas","Casselman, Arza Clair","Man","Lawyer","Conservative (1867-1942)","Elected",8100
"Ontario",1926-09-14,"General","16","Grenville--Dundas","Elliott, Preston","Man","Farmer","Progressive","Defeated",4744
"Ontario",1926-09-14,"General","16","Grey North","Telford, William Pattison","Man","Lawyer","Liberal Party of Canada","Elected",7606
"Ontario",1926-09-14,"General","16","Grey North","Duncan, Matthew Robert","Man","Merchant","Conservative (1867-1942)","Defeated",7042
"Ontario",1926-09-14,"General","16","Grey Southeast","Macphail, Agnes Campbell","Woman","Schoolteacher and farmer","Progressive","Elected",7939
"Ontario",1926-09-14,"General","16","Grey Southeast","EDWARDS, Robert Thomas","Man","Farmer","Conservative (1867-1942)","Defeated",6211
"Ontario",1926-09-14,"General","16","Haldimand","Senn, Mark Cecil","Man","Merchant","Conservative (1867-1942)","Elected",5511
"Ontario",1926-09-14,"General","16","Haldimand","STRINGER, Warren","Man","Farmer","Progressive","Defeated",4028
"Ontario",1926-09-14,"General","16","Halton","Anderson, Robert King","Man","Physician","Conservative (1867-1942)","Elected",6222
"Ontario",1926-09-14,"General","16","Halton","HAMPSHIRE, William James Laird","Man","Farmer","Liberal Party of Canada","Defeated",4308
"Ontario",1926-09-14,"General","16","Hamilton East","Rennie, George Septimus","Man","Physician","Conservative (1867-1942)","Elected",13444
"Ontario",1926-09-14,"General","16","Hamilton East","O'REILLY, Michael Joseph","Man","Barrister","Liberal Party of Canada","Defeated",4477
"Ontario",1926-09-14,"General","16","Hamilton West","Bell, Charles William","Man","Lawyer","Conservative (1867-1942)","Elected",10888
"Ontario",1926-09-14,"General","16","Hamilton West","Carpenter, Henry","Man","Barrister","Liberal Party of Canada","Defeated",3665
"Ontario",1926-09-14,"General","16","Hastings South","Tummon, William Ernest","Man","Contractor","Conservative (1867-1942)","Elected",9704
"Ontario",1926-09-14,"General","16","Hastings South","VANDERWATER, Roscoe","Man","Farmer","Liberal Party of Canada","Defeated",5912
"Ontario",1926-09-14,"General","16","Hastings--Peterborough","Embury, Alexander Thomas","Man","Physician","Conservative (1867-1942)","Elected",6797
"Ontario",1926-09-14,"General","16","Hastings--Peterborough","MARSHALL, John Smith","Man","Manufacturer","Liberal Party of Canada","Defeated",2680
"Ontario",1926-09-14,"General","16","Huron North","King, John Warwick","Man","Schoolteacher","Progressive","Elected",5892
"Ontario",1926-09-14,"General","16","Huron North","MACEWAN, Hugh John Alexander","Man","Merchant","Conservative (1867-1942)","Defeated",5547
"Ontario",1926-09-14,"General","16","Huron South","McMillan, Thomas","Man","Farmer","Liberal Party of Canada","Elected",6370
"Ontario",1926-09-14,"General","16","Huron South","HICKS, Andrew","Man","Farmer","Conservative (1867-1942)","Defeated",5217
"Ontario",1926-09-14,"General","16","Kenora--Rainy River","Heenan, Peter","Man","Locomotive engineer","Liberal Party of Canada","Elected",5626
"Ontario",1926-09-14,"General","16","Kenora--Rainy River","GEORGE, Arthur Dufferin","Man","Barrister","Conservative (1867-1942)","Defeated",5016
"Ontario",1926-09-14,"General","16","Kent","Rutherford, James Warren","Man","Physician","Liberal Party of Canada","Elected",12315
"Ontario",1926-09-14,"General","16","Kent","Chaplin, Alexander Dew","Man","Manufacturer","Conservative (1867-1942)","Defeated",10578
"Ontario",1926-09-14,"General","16","Kingston City","Ross, Arthur Edward","Man","Physician","Conservative (1867-1942)","Elected",6256
"Ontario",1926-09-14,"General","16","Kingston City","Halliday, James","Man","Electrician","Liberal Party of Canada","Defeated",4174
"Ontario",1926-09-14,"General","16","Lambton East","Fansher, Burt Wendell","Man","Farmer","Progressive","Elected",6891
"Ontario",1926-09-14,"General","16","Lambton East","ARMSTRONG, Joseph Emmanuel","Man","Farmer and oil producer","Conservative (1867-1942)","Defeated",6340
"Ontario",1926-09-14,"General","16","Lambton West","Goodison, William Thomas","Man","Manufacturer","Liberal Party of Canada","Elected",7551
"Ontario",1926-09-14,"General","16","Lambton West","MCMILLEN, Andrew R.","Man","Physician","Conservative (1867-1942)","Defeated",7413
"Ontario",1926-09-14,"General","16","Lanark","Preston, Richard Franklin","Man","Physician","Conservative (1867-1942)","Elected",8122
"Ontario",1926-09-14,"General","16","Lanark","BUCHANAN, George W.","Man","Agent","Liberal Progressive","Defeated",4908
"Ontario",1926-09-14,"General","16","Leeds","Stewart, Hugh Alexander","Man","Barrister-at-law","Conservative (1867-1942)","Elected",9092
"Ontario",1926-09-14,"General","16","Leeds","Comstock, William Henry","Man","Manufacturer","Liberal Party of Canada","Defeated",7148
"Ontario",1926-09-14,"General","16","Lincoln","Chaplin, James Dew","Man","Manufacturer","Conservative (1867-1942)","Elected",11475
"Ontario",1926-09-14,"General","16","Lincoln","MCCARRON, Terrence Myles","Man","Barrister-at-law","Liberal Party of Canada","Defeated",5555
"Ontario",1926-09-14,"General","16","London","White, John Franklin","Man","Manufacturer","Conservative (1867-1942)","Elected",12249
"Ontario",1926-09-14,"General","16","London","STEVENSON, William John","Man","Surgeon","Liberal Party of Canada","Defeated",11404
"Ontario",1926-09-14,"General","16","Middlesex East","Hodgins, Adam King","Man","Automobile dealer","Conservative (1867-1942)","Elected",5701
"Ontario",1926-09-14,"General","16","Middlesex East","FREEBORN, John Willard","Man","Farmer","Progressive","Defeated",2897
"Ontario",1926-09-14,"General","16","Middlesex East","ROSS, Cecil Clarkson","Man","Physician","Liberal Party of Canada","Defeated",2506
"Ontario",1926-09-14,"General","16","Middlesex West","Elliott, John Campbell","Man","Lawyer","Liberal Party of Canada","Elected",6187
"Ontario",1926-09-14,"General","16","Middlesex West","ALDRED, Alfred Edwin","Man","Farmer","Conservative (1867-1942)","Defeated",4086
"Ontario",1926-09-14,"General","16","Muskoka--Ontario","McGibbon, Peter","Man","Physician","Conservative (1867-1942)","Elected",9039
"Ontario",1926-09-14,"General","16","Muskoka--Ontario","JOHNSTON, John Benjamin","Man","Retired farmer","Progressive","Defeated",5757
"Ontario",1926-09-14,"General","16","Nipissing","Lapierre, Edmond Antoine","Man","Commercial traveller","Liberal Party of Canada","Elected",11587
"Ontario",1926-09-14,"General","16","Nipissing","LABERGE, Joseph Alfred","Man","Manufacturer","Conservative (1867-1942)","Defeated",8963
"Ontario",1926-09-14,"General","16","Norfolk--Elgin","Taylor, William Horace","Man","Farmer","Liberal Party of Canada","Elected",8568
"Ontario",1926-09-14,"General","16","Norfolk--Elgin","Stansell, John Lawrence","Man","Farmer","Conservative (1867-1942)","Defeated",8512
"Ontario",1926-09-14,"General","16","Northumberland","Maybee, Milton Edgar","Man","Farmer","Conservative (1867-1942)","Elected",8113
"Ontario",1926-09-14,"General","16","Northumberland","Fraser, William Alexander","Man","Manufacturer and farmer","Liberal Party of Canada","Defeated",7727
"Ontario",1926-09-14,"General","16","Ontario","Kaiser, Thomas Erlin","Man","Physician","Conservative (1867-1942)","Elected",8567
"Ontario",1926-09-14,"General","16","Ontario","Moore, William Henry","Man","Farmer","Liberal Party of Canada","Defeated",7689
"Ontario",1926-09-14,"General","16","Ottawa (City of)","Chevrier, Edgar-Rodolphe-Eugène","Man","Barrister-at-law","Liberal Party of Canada","Elected",23012
"Ontario",1926-09-14,"General","16","Ottawa (City of)","Edwards, Gordon Cameron","Man","Lumberman","Liberal Party of Canada","Elected",22950
"Ontario",1926-09-14,"General","16","Ottawa (City of)","McClenaghan, Stewart","Man","Merchant","Conservative (1867-1942)","Defeated",21917
"Ontario",1926-09-14,"General","16","Ottawa (City of)","Chabot, John Léo","Man","Physician","Conservative (1867-1942)","Defeated",21614
"Ontario",1926-09-14,"General","16","Oxford North","Allan, Hugh","Man","Township clerk","Liberal Party of Canada","Elected",6565
"Ontario",1926-09-14,"General","16","Oxford North","Sutherland, Donald Matheson","Man","Physician","Conservative (1867-1942)","Defeated",6193
"Ontario",1926-09-14,"General","16","Oxford South","Cayley, Thomas Merritt","Man","Insurance agent","Liberal Party of Canada","Elected",6064
"Ontario",1926-09-14,"General","16","Oxford South","Sutherland, Donald","Man","Farmer","Conservative (1867-1942)","Defeated",5364
"Ontario",1926-09-14,"General","16","Parkdale","Spence, David","Man","Merchant","Conservative (1867-1942)","Elected",11897
"Ontario",1926-09-14,"General","16","Parkdale","TIPPING, Bertram","Man","Commercial traveller","Liberal Party of Canada","Defeated",4133
"Ontario",1926-09-14,"General","16","Parry Sound","Arthurs, James","Man","Gentleman","Conservative (1867-1942)","Elected",5418
"Ontario",1926-09-14,"General","16","Parry Sound","LUDGATE, James","Man","Lumberman","Liberal Party of Canada","Defeated",4358
"Ontario",1926-09-14,"General","16","Peel","Charters, Samuel","Man","Publisher","Conservative (1867-1942)","Elected",7002
"Ontario",1926-09-14,"General","16","Peel","LOWE, William James","Man","Farmer and cattle dealer","Liberal Party of Canada","Defeated",6294
"Ontario",1926-09-14,"General","16","Perth North","Hay, Francis Wellington","Man","Grain merchant","Liberal Party of Canada","Elected",8236
"Ontario",1926-09-14,"General","16","Perth North","Wright, David McKenzie","Man","Manufacturer","Conservative (1867-1942)","Defeated",7596
"Ontario",1926-09-14,"General","16","Perth South","Sanderson, Frederick George","Man","Flax grower","Liberal Party of Canada","Elected",4966
"Ontario",1926-09-14,"General","16","Perth South","GRAHAM, Robert S.","Man","Farmer","Conservative (1867-1942)","Defeated",4451
"Ontario",1926-09-14,"General","16","Peterborough West","Peck, Edward Armour","Man","Barrister","Conservative (1867-1942)","Elected",8934
"Ontario",1926-09-14,"General","16","Peterborough West","Duffus, Joseph James","Man","Merchant","Liberal Party of Canada","Defeated",6825
"Ontario",1926-09-14,"General","16","Port Arthur--Thunder Bay","Cowan, Donald James","Man","Barrister","Conservative (1867-1942)","Elected",4349
"Ontario",1926-09-14,"General","16","Port Arthur--Thunder Bay","MCCOMBER, Alexander Jarvis","Man","Barrister","Liberal Labour Party","Defeated",2990
"Ontario",1926-09-14,"General","16","Port Arthur--Thunder Bay","SMITH, Albert Edward","Man","Educationalist","Labour","Defeated",1382
"Ontario",1926-09-14,"General","16","Prescott","Auger, Louis Mathias","Man","Teacher","Liberal Party of Canada","Elected",3846
"Ontario",1926-09-14,"General","16","Prescott","Évanturel, Gustave","Man","Notary","Liberal Party of Canada","Defeated",3134
"Ontario",1926-09-14,"General","16","Prescott","KIRBY, Hiram Horton","Man","Dentist","Conservative (1867-1942)","Defeated",2504
"Ontario",1926-09-14,"General","16","Prescott","LABROSSE, Raoul","Man","Barrister","Independent","Defeated",635
"Ontario",1926-09-14,"General","16","Prince Edward--Lennox","Hubbs, John","Man","Canner","Conservative (1867-1942)","Elected",7139
"Ontario",1926-09-14,"General","16","Prince Edward--Lennox","Horsey, Henry Herbert","Man","Gentleman","Liberal Party of Canada","Defeated",6199
"Ontario",1926-09-14,"General","16","Renfrew North","Cotnam, Ira Delbert","Man","Physician","Conservative (1867-1942)","Elected",4947
"Ontario",1926-09-14,"General","16","Renfrew North","McKay, Matthew","Man","Dentist","Liberal Party of Canada","Defeated",4288
"Ontario",1926-09-14,"General","16","Renfrew North","KIRK, William Robert","Man","Farmer","Progressive","Defeated",2220
"Ontario",1926-09-14,"General","16","Renfrew South","Maloney, Martin James","Man","Physician","Conservative (1867-1942)","Elected",5207
"Ontario",1926-09-14,"General","16","Renfrew South","MURRAY, Joseph Lawrence","Man","Manufacturer","Liberal Party of Canada","Defeated",4986
"Ontario",1926-09-14,"General","16","Renfrew South","GIBBONS, John F.","Man","Farmer","Progressive","Defeated",1823
"Ontario",1926-09-14,"General","16","Russell","Goulet, Alfred","Man","Merchant","Liberal Party of Canada","Elected",9062
"Ontario",1926-09-14,"General","16","Russell","THIVIERGE, Wilfrid","Man","Merchant","Conservative (1867-1942)","Defeated",4876
"Ontario",1926-09-14,"General","16","Simcoe East","Thompson, Alfred Burke","Man","Barrister","Conservative (1867-1942)","Elected",7994
"Ontario",1926-09-14,"General","16","Simcoe East","GRANT, Fred W.","Man","Barrister","Liberal Party of Canada","Defeated",7669
"Ontario",1926-09-14,"General","16","Simcoe North","Boys, William Alves","Man","Barrister","Conservative (1867-1942)","Elected",7058
"Ontario",1926-09-14,"General","16","Simcoe North","Gouin, Léon Mercier","Man","Farmer","Progressive","Defeated",6865
"Ontario",1926-09-14,"General","16","Stormont","Smith, Arnold Neilson","Man","Steamboat owner","Liberal Party of Canada","Elected",6623
"Ontario",1926-09-14,"General","16","Stormont","Hamilton, Charles James","Man","Physician","Conservative (1867-1942)","Defeated",6083
"Ontario",1926-09-14,"General","16","Timiskaming North","Bradette, Joseph-Arthur","Man","Merchant","Liberal Party of Canada","Elected",8707
"Ontario",1926-09-14,"General","16","Timiskaming North","O'Neill, John Raymond","Man","Contractor","Conservative (1867-1942)","Defeated",7553
"Ontario",1926-09-14,"General","16","Timiskaming South","Lang, Malcolm","Man","Prospector","Labour","Elected",7309
"Ontario",1926-09-14,"General","16","Timiskaming South","Armstrong, Ernest Frederick","Man","Dentist","Conservative (1867-1942)","Defeated",6411
"Ontario",1926-09-14,"General","16","Toronto East","Ryckman, Edmond Baird","Man","Barrister","Conservative (1867-1942)","Elected",13789
"Ontario",1926-09-14,"General","16","Toronto East","BENNETT, Kathleen","Woman","Social service worker","Liberal Party of Canada","Defeated",3299
"Ontario",1926-09-14,"General","16","Toronto East Centre","Matthews, Robert Charles","Man","Gentleman","Conservative (1867-1942)","Elected",6603
"Ontario",1926-09-14,"General","16","Toronto East Centre","ARMSTRONG, Cecil William","Man","Newspaperman","Independent Conservative","Defeated",4509
"Ontario",1926-09-14,"General","16","Toronto East Centre","LAWSON, Aldexander Smirle","Man","Physician","Liberal Party of Canada","Defeated",4429
"Ontario",1926-09-14,"General","16","Toronto Northeast","Young, Newton Manley","Man","Barrister","Conservative (1867-1942)","Elected",11005
"Ontario",1926-09-14,"General","16","Toronto Northeast","Baker, Richard Langton","Man","Manufacturer","Conservative (1867-1942)","Defeated",9639
"Ontario",1926-09-14,"General","16","Toronto Northeast","PUGH, Thomas James","Man","Manufacturer","Liberal Party of Canada","Defeated",5994
"Ontario",1926-09-14,"General","16","Toronto Northwest","Church, Thomas Langton","Man","Barrister","Conservative (1867-1942)","Elected",12071
"Ontario",1926-09-14,"General","16","Toronto Northwest","BOYD, John Frederick","Man","Contractor","Liberal Party of Canada","Defeated",2637
"Ontario",1926-09-14,"General","16","Toronto Northwest","SIMPSON, James","Man","Manager of labour temple","Labour","Defeated",1267
"Ontario",1926-09-14,"General","16","Toronto South","Geary, George Reginald","Man","Barrister","Conservative (1867-1942)","Elected",4909
"Ontario",1926-09-14,"General","16","Toronto South","SHIPWAY, Thomas Henry","Man","Manufacturer","Liberal Party of Canada","Defeated",1606
"Ontario",1926-09-14,"General","16","Toronto West Centre","Hocken, Horatio Clarence","Man","Publisher","Conservative (1867-1942)","Elected",7956
"Ontario",1926-09-14,"General","16","Toronto West Centre","JOHNSTON, Frederick Graham","Man",NA,"Liberal Party of Canada","Defeated",5388
"Ontario",1926-09-14,"General","16","Toronto West Centre","MACDONALD, John","Man","Pattern maker","Labour","Defeated",1193
"Ontario",1926-09-14,"General","16","Toronto--High Park","Anderson, Alexander James","Man","Barrister","Conservative (1867-1942)","Elected",12366
"Ontario",1926-09-14,"General","16","Toronto--High Park","Murdock, James","Man","Brotherhood of railway trainmen","Liberal Party of Canada","Defeated",4167
"Ontario",1926-09-14,"General","16","Toronto--Scarborough","Harris, Joseph Henry","Man","Manager","Conservative (1867-1942)","Elected",14938
"Ontario",1926-09-14,"General","16","Toronto--Scarborough","WALKER, Frank Norman","Man","Physician","Liberal Party of Canada","Defeated",3556
"Ontario",1926-09-14,"General","16","Victoria","Stinson, Thomas Hubert","Man","Barrister","Conservative (1867-1942)","Elected",9070
"Ontario",1926-09-14,"General","16","Victoria","Thurston, John Jabez","Man","Farmer","Progressive","Defeated",6004
"Ontario",1926-09-14,"General","16","Waterloo North","Euler, William Daum","Man","Publisher","Liberal Party of Canada","Elected",10394
"Ontario",1926-09-14,"General","16","Waterloo North","GROSS, David","Man","Manufacturer","Conservative (1867-1942)","Defeated",6365
"Ontario",1926-09-14,"General","16","Waterloo South","Edwards, Alexander McKay","Man","Manufacturer","Conservative (1867-1942)","Elected",7220
"Ontario",1926-09-14,"General","16","Waterloo South","WIDDIFIELD, Charles Russell","Man","Barrister","Liberal Party of Canada","Defeated",4935
"Ontario",1926-09-14,"General","16","Welland","Pettit, George Hamilton","Man","Barrister-at-law","Conservative (1867-1942)","Elected",14331
"Ontario",1926-09-14,"General","16","Welland","German, William Manley","Man","Barrister","Liberal Party of Canada","Defeated",12890
"Ontario",1926-09-14,"General","16","Wellington North","Sinclair, Duncan","Man","Gentleman","Conservative (1867-1942)","Elected",4825
"Ontario",1926-09-14,"General","16","Wellington North","DALE, Richard Frederick","Man","Gentleman","Liberal Party of Canada","Defeated",4452
"Ontario",1926-09-14,"General","16","Wellington South","Guthrie, Hugh","Man","Barrister-at-law","Conservative (1867-1942)","Elected",8515
"Ontario",1926-09-14,"General","16","Wellington South","BURNETT, William A.","Man","Farmer","Liberal Party of Canada","Defeated",7471
"Ontario",1926-09-14,"General","16","Wentworth","Wilson, Gordon Crooks","Man","Gentleman","Conservative (1867-1942)","Elected",10975
"Ontario",1926-09-14,"General","16","Wentworth","BURNS, Harold Stanley","Man","Physician","Liberal Party of Canada","Defeated",5335
"Ontario",1926-09-14,"General","16","York North","Lennox, Thomas Herbert","Man","Lawyer","Conservative (1867-1942)","Elected",10160
"Ontario",1926-09-14,"General","16","York North","SIFTON, Henry Arthur","Man","Gentleman","Liberal Party of Canada","Defeated",9860
"Ontario",1926-09-14,"General","16","York South","McGregor, Robert Henry","Man","Market gardener","Conservative (1867-1942)","Elected",6555
"Ontario",1926-09-14,"General","16","York South","Maclean, William Findlay","Man","Gentleman","Independent Conservative","Defeated",4880
"Ontario",1926-09-14,"General","16","York West","Drayton, Henry Lumley","Man","Barrister","Conservative (1867-1942)","Elected",16479
"Ontario",1926-09-14,"General","16","York West","HUNTER, Alfred Taylour","Man","Barrister-at-law","Liberal Party of Canada","Defeated",4681
"Prince Edward Island",1926-09-14,"General","16","King's","Macdonald, John Alexander (1874-1948)","Man","Merchant","Conservative (1867-1942)","Elected",4329
"Prince Edward Island",1926-09-14,"General","16","King's","JOHNSTON, James J.","Man","Barrister","Liberal Party of Canada","Defeated",4229
"Prince Edward Island",1926-09-14,"General","16","Prince","MacLean, Alfred Edgar","Man","Farmer and rancher","Liberal Party of Canada","Elected",7362
"Prince Edward Island",1926-09-14,"General","16","Prince","WYATT, J. Edward","Man","Barrister","Conservative (1867-1942)","Defeated",5641
"Prince Edward Island",1926-09-14,"General","16","Queen's","Jenkins, Robert Harold","Man","Merchant","Liberal Party of Canada","Elected",9006
"Prince Edward Island",1926-09-14,"General","16","Queen's","Sinclair, John Ewen","Man","Farmer","Liberal Party of Canada","Elected",8625
"Prince Edward Island",1926-09-14,"General","16","Queen's","Messervy, John Albert","Man","Merchant","Conservative (1867-1942)","Defeated",8124
"Prince Edward Island",1926-09-14,"General","16","Queen's","Myers, John Howard","Man","Farmer","Conservative (1867-1942)","Defeated",8123
"Quebec",1926-09-14,"General","16","Argenteuil","Perley, George Halsey","Man","Lumber merchant","Conservative (1867-1942)","Elected",4094
"Quebec",1926-09-14,"General","16","Argenteuil","LEGAULT, Joseph-Louis-Lorenzo","Man","Lawyer","Liberal Party of Canada","Defeated",3854
"Quebec",1926-09-14,"General","16","Bagot","Morin, Georges Dorèze","Man","Notary","Liberal Party of Canada","Elected",3787
"Quebec",1926-09-14,"General","16","Bagot","Fauteux, Guillaume-André","Man","Lawyer","Conservative (1867-1942)","Defeated",3211
"Quebec",1926-09-14,"General","16","Beauce","Lacroix, Édouard","Man","Lumber merchant","Liberal Party of Canada","Elected",11176
"Quebec",1926-09-14,"General","16","Beauce","DUVAL, Wilfrid","Man","Contractor","Conservative (1867-1942)","Defeated",2551
"Quebec",1926-09-14,"General","16","Beauharnois","Raymond, Maxime","Man","Lawyer","Liberal Party of Canada","Elected",4843
"Quebec",1926-09-14,"General","16","Beauharnois","FORTIN, Tancrède","Man","Lawyer","Conservative (1867-1942)","Defeated",2565
"Quebec",1926-09-14,"General","16","Beauharnois","BERGEVIN, Achille","Man","Broker","Liberal Party of Canada","Defeated",374
"Quebec",1926-09-14,"General","16","Bellechasse","Boulanger, Joseph Oscar Lefebre","Man","Lawyer","Liberal Party of Canada","Elected",4897
"Quebec",1926-09-14,"General","16","Bellechasse","DUSSAULT, Eugène F.","Man","Broker","Conservative (1867-1942)","Defeated",1902
"Quebec",1926-09-14,"General","16","Berthier--Maskinongé","Gervais, Joseph-Charles-Théodore","Man","Physician","Liberal Party of Canada","Elected",6606
"Quebec",1926-09-14,"General","16","Berthier--Maskinongé","Barrette, Joseph Arthur","Man","Notary","Conservative (1867-1942)","Defeated",4626
"Quebec",1926-09-14,"General","16","Bonaventure","Marcil, Charles","Man","Journalist","Liberal Party of Canada","Elected",6164
"Quebec",1926-09-14,"General","16","Bonaventure","Paquet, Eugène","Man","Physician","Conservative (1867-1942)","Defeated",5155
"Quebec",1926-09-14,"General","16","Brome--Missisquoi","Kay, William Frederic","Man","Farmer","Liberal Party of Canada","Elected",7126
"Quebec",1926-09-14,"General","16","Brome--Missisquoi","Pickel, Follin Horace","Man","Farmer","Conservative (1867-1942)","Defeated",6005
"Quebec",1926-09-14,"General","16","Cartier","Jacobs, Samuel William","Man","Lawyer","Liberal Party of Canada","Elected",5048
"Quebec",1926-09-14,"General","16","Cartier","WOLFE, Louis","Man","Contractor","Conservative (1867-1942)","Defeated",2312
"Quebec",1926-09-14,"General","16","Cartier","PARENT, Paul-Ernest","Man","Journalist","Independent Liberal","Defeated",2043
"Quebec",1926-09-14,"General","16","Cartier","BUHAY, Michael","Man","Garment worker","Socialist","Defeated",672
"Quebec",1926-09-14,"General","16","Chambly--Verchères","Langlois, Aimé","Man","Notary","Liberal Party of Canada","Elected",8667
"Quebec",1926-09-14,"General","16","Chambly--Verchères","BEIQUE, Hortensius","Man","Broker","Conservative (1867-1942)","Defeated",6966
"Quebec",1926-09-14,"General","16","Champlain","Desaulniers, Arthur Lesieur","Man","Hardware merchant","Liberal Party of Canada","Elected",10024
"Quebec",1926-09-14,"General","16","Champlain","DOSTALER, Louis Joseph","Man","Notary","Conservative (1867-1942)","Defeated",5407
"Quebec",1926-09-14,"General","16","Charlevoix--Saguenay","Casgrain, Pierre-François","Man","Lawyer","Liberal Party of Canada","Elected",8553
"Quebec",1926-09-14,"General","16","Charlevoix--Saguenay","GOBEIL, Jules","Man","Lawyer","Conservative (1867-1942)","Defeated",2911
"Quebec",1926-09-14,"General","16","Châteauguay--Huntingdon","Robb, James Alexander","Man","Merchant","Liberal Party of Canada","Elected",5691
"Quebec",1926-09-14,"General","16","Châteauguay--Huntingdon","Sullivan, John Alexander","Man","Lawyer","Conservative (1867-1942)","Defeated",4971
"Quebec",1926-09-14,"General","16","Chicoutimi","Dubuc, Julien-Édouard-Alfred","Man","Manufacturer","Independent Liberal","Elected",8658
"Quebec",1926-09-14,"General","16","Chicoutimi","BERGERON, Joseph Eugène","Man","Insurance broker","Conservative (1867-1942)","Defeated",2142
"Quebec",1926-09-14,"General","16","Compton","Letellier de Saint-Just, Joseph-Étienne","Man","Jeweller","Liberal Party of Canada","Elected",7125
"Quebec",1926-09-14,"General","16","Compton","Gobeil, Samuel","Man","Farmer","Conservative (1867-1942)","Defeated",4979
"Quebec",1926-09-14,"General","16","Dorchester","Cannon, Lucien","Man","Lawyer","Liberal Party of Canada","Elected",5627
"Quebec",1926-09-14,"General","16","Dorchester","COTÉ, Robert","Man","Lawyer","Conservative (1867-1942)","Defeated",3640
"Quebec",1926-09-14,"General","16","Drummond--Arthabaska","Girouard, Wilfrid","Man","Lawyer","Liberal Party of Canada","Elected",9600
"Quebec",1926-09-14,"General","16","Drummond--Arthabaska","ST-SAUVEUR, Henri-Édouard","Man","Farmer","Conservative (1867-1942)","Defeated",3814
"Quebec",1926-09-14,"General","16","Gaspé","Lemieux, Rodolphe","Man","Lawyer","Liberal Party of Canada","Elected",8769
"Quebec",1926-09-14,"General","16","Gaspé","FLYNN, William Albert Edward","Man",NA,"Conservative (1867-1942)","Defeated",4820
"Quebec",1926-09-14,"General","16","Hochelaga","St-Père, Édouard-Charles","Man","Journalist","Liberal Party of Canada","Elected",16339
"Quebec",1926-09-14,"General","16","Hochelaga","SIMARD, Joseph-Thomas-Ulric","Man","Broker","Conservative (1867-1942)","Defeated",2530
"Quebec",1926-09-14,"General","16","Hochelaga","CARDINAL, Jean-Marie-Mastaï-Georges","Man","Gentleman","Independent Liberal","Defeated",502
"Quebec",1926-09-14,"General","16","Hull","Fontaine, Joseph-Éloi","Man","Physician","Liberal Party of Canada","Elected",10899
"Quebec",1926-09-14,"General","16","Hull","DUMAS, François-Albert","Man","Physician and surgeon","Conservative (1867-1942)","Defeated",2185
"Quebec",1926-09-14,"General","16","Jacques Cartier","Rhéaume, Joseph-Théodule","Man","Lawyer","Liberal Party of Canada","Elected",18755
"Quebec",1926-09-14,"General","16","Jacques Cartier","Patenaude, Esioff-Léon","Man","Lawyer","Conservative (1867-1942)","Defeated",16602
"Quebec",1926-09-14,"General","16","Joliette","Denis, Jean-Joseph","Man","Lawyer","Liberal Party of Canada","Elected",5659
"Quebec",1926-09-14,"General","16","Joliette","NEVEU, Joseph Damien","Man","Farmer","Conservative (1867-1942)","Defeated",4202
"Quebec",1926-09-14,"General","16","Kamouraska","Bouchard, Joseph Georges","Man","Agronomist","Liberal Party of Canada","Elected",4332
"Quebec",1926-09-14,"General","16","Kamouraska","PELLETIER, François-Xavier","Man","Travelling salesman","Conservative (1867-1942)","Defeated",2562
"Quebec",1926-09-14,"General","16","L'Assomption--Montcalm","Séguin, Paul-Arthur","Man","Notary","Liberal Party of Canada","Elected",6044
"Quebec",1926-09-14,"General","16","L'Assomption--Montcalm","FOREST, Alfred","Man","Lawyer","Conservative (1867-1942)","Defeated",1901
"Quebec",1926-09-14,"General","16","L'Islet","Fafard, Joseph-Fernand","Man","Land surveyor","Liberal Party of Canada","Elected",3619
"Quebec",1926-09-14,"General","16","L'Islet","GAGNON, Joseph-Adhémar","Man","Wholesale dealer","Conservative (1867-1942)","Defeated",2795
"Quebec",1926-09-14,"General","16","Labelle","Bourassa, Joseph Henri Napoléon","Man","Publicist","Independent","Elected",7569
"Quebec",1926-09-14,"General","16","Labelle","COUSINEAU, Louis","Man","Lawyer","Conservative (1867-1942)","Defeated",1118
"Quebec",1926-09-14,"General","16","Labelle","MORANVILLE, Joseph-Édouard","Man","Business agent","Protectionist","Defeated",129
"Quebec",1926-09-14,"General","16","Lake St. John","Sylvestre, Armand","Man","Lawyer","Liberal Party of Canada","Elected",8090
"Quebec",1926-09-14,"General","16","Lake St. John","TURCOTTE, Joseph-Sylvio-Narcisse","Man",NA,"Conservative (1867-1942)","Defeated",5733
"Quebec",1926-09-14,"General","16","Laprairie--Napierville","Lanctôt, Roch","Man","Farmer","Liberal Party of Canada","Elected",4201
"Quebec",1926-09-14,"General","16","Laprairie--Napierville","DOYON, Léopold","Man","Manufacturer","Conservative (1867-1942)","Defeated",2844
"Quebec",1926-09-14,"General","16","Laurier--Outremont","Mercier, Joseph-Alexandre","Man","Lawyer","Liberal Party of Canada","Elected",12724
"Quebec",1926-09-14,"General","16","Laurier--Outremont","BUMBRAY, Jean-Édouard-Charles","Man","Lawyer","Conservative (1867-1942)","Defeated",8342
"Quebec",1926-09-14,"General","16","Laval--Two Mountains","Lacombe, Liguori","Man","Lawyer","Liberal Party of Canada","Elected",5916
"Quebec",1926-09-14,"General","16","Laval--Two Mountains","MICHAUD, Joseph-Horace","Man","Lawyer","Conservative (1867-1942)","Defeated",2148
"Quebec",1926-09-14,"General","16","Lévis","Dussault, Joseph-Étienne","Man","Industrialist","Liberal Party of Canada","Elected",7127
"Quebec",1926-09-14,"General","16","Lévis","Fortin, Émile","Man","Physician","Conservative (1867-1942)","Defeated",5838
"Quebec",1926-09-14,"General","16","Lotbinière","Verville, Joseph-Achille","Man","Notary","Liberal Party of Canada","Elected",4650
"Quebec",1926-09-14,"General","16","Lotbinière","PARIS, Joseph Uldéric","Man","Merchant","Independent","Defeated",3345
"Quebec",1926-09-14,"General","16","Maisonneuve","Robitaille, Clément","Man","Lawyer","Liberal Party of Canada","Elected",16045
"Quebec",1926-09-14,"General","16","Maisonneuve","DUMOUCHEL, Raoul","Man","Notary","Conservative (1867-1942)","Defeated",5166
"Quebec",1926-09-14,"General","16","Matane","Dionne, Georges-Léonidas","Man","Notary","Liberal Party of Canada","Elected",8880
"Quebec",1926-09-14,"General","16","Matane","BÉGIN, Nazaire","Man","Merchant","Conservative (1867-1942)","Defeated",3727
"Quebec",1926-09-14,"General","16","Mégantic","Roberge, Eusèbe","Man","Merchant","Liberal Party of Canada","Elected",6483
"Quebec",1926-09-14,"General","16","Mégantic","ROBERGE, Camille","Man","Farmer","Conservative (1867-1942)","Defeated",3243
"Quebec",1926-09-14,"General","16","Montmagny","Laflamme, Leo Kemner","Man","Lawyer","Liberal Party of Canada","Elected",3985
"Quebec",1926-09-14,"General","16","Montmagny","La Vergne, Armand Renaud","Man","Lawyer","Conservative (1867-1942)","Defeated",3646
"Quebec",1926-09-14,"General","16","Mount Royal","White, Robert Smeaton","Man","Journalist","Conservative (1867-1942)","Elected",14249
"Quebec",1926-09-14,"General","16","Mount Royal","CARVETH, Thomas Henry","Man","Broker","Liberal Party of Canada","Defeated",4499
"Quebec",1926-09-14,"General","16","Nicolet","Descoteaux, Joseph-Félix","Man","Farmer","Liberal Party of Canada","Elected",6597
"Quebec",1926-09-14,"General","16","Nicolet","Bourgeois, Charles","Man","Lawyer","Conservative (1867-1942)","Defeated",3782
"Quebec",1926-09-14,"General","16","Pontiac","Cahill, Frank S.","Man","Broker","Liberal Party of Canada","Elected",11166
"Quebec",1926-09-14,"General","16","Pontiac","LADOUCEUR, Lucien-Alfred","Man","Lawyer","Conservative (1867-1942)","Defeated",6121
"Quebec",1926-09-14,"General","16","Portneuf","Delisle, Michel-Siméon","Man","Gentleman","Liberal Party of Canada","Elected",6308
"Quebec",1926-09-14,"General","16","Portneuf","MARCOTTE, Herment (alias Armand)","Man","Physician","Independent Liberal","Defeated",5272
"Quebec",1926-09-14,"General","16","Quebec East","Lapointe, Ernest","Man","Lawyer","Liberal Party of Canada","Elected",9370
"Quebec",1926-09-14,"General","16","Quebec East","AUDET, Pierre","Man","Lawyer","Conservative (1867-1942)","Defeated",6438
"Quebec",1926-09-14,"General","16","Quebec South","Power, Charles Gavan","Man","Lawyer","Liberal Party of Canada","Elected",6527
"Quebec",1926-09-14,"General","16","Quebec South","O'MEARA, John Skillman","Man","Merchant","Conservative (1867-1942)","Defeated",4901
"Quebec",1926-09-14,"General","16","Quebec South","CHEVALIER, Adolphe","Man","Contractor","Independent Conservative","Defeated",775
"Quebec",1926-09-14,"General","16","Quebec West","Parent, Georges","Man","Lawyer","Liberal Party of Canada","Elected",7501
"Quebec",1926-09-14,"General","16","Quebec West","LOCKWELL, Camilien Joseph","Man","Broker","Conservative (1867-1942)","Defeated",6495
"Quebec",1926-09-14,"General","16","Québec--Montmorency","Lavigueur, Henri-Edgar","Man","Merchant","Liberal Party of Canada","Elected",6433
"Quebec",1926-09-14,"General","16","Québec--Montmorency","Dorion, Charles Napoléon","Man","Lawyer","Conservative (1867-1942)","Defeated",5267
"Quebec",1926-09-14,"General","16","Richelieu","Cardin, Pierre-Joseph-Arthur","Man","Lawyer","Liberal Party of Canada","Elected",4893
"Quebec",1926-09-14,"General","16","Richelieu","CHASSÉ, Aimé","Man","Lawyer","Conservative (1867-1942)","Defeated",2927
"Quebec",1926-09-14,"General","16","Richmond--Wolfe","Tobin, Edmund William","Man","Lumber merchant","Liberal Party of Canada","Elected",8788
"Quebec",1926-09-14,"General","16","Richmond--Wolfe","HAYES, John","Man","Surgeon","Conservative (1867-1942)","Defeated",5100
"Quebec",1926-09-14,"General","16","Rimouski","Fiset, Eugène","Man","Surgeon","Liberal Party of Canada","Elected",5623
"Quebec",1926-09-14,"General","16","Rimouski","GARON, Alphonse","Man","Lawyer","Conservative (1867-1942)","Defeated",2926
"Quebec",1926-09-14,"General","16","Rimouski","AUBIN, Alphonse","Man","Farmer","Independent","Defeated",417
"Quebec",1926-09-14,"General","16","Shefford","Boivin, Pierre-Ernest","Man","Manufacturer","Liberal Party of Canada","Elected",6374
"Quebec",1926-09-14,"General","16","Shefford","Gauthier, Louis Joseph","Man","Lawyer","Conservative (1867-1942)","Defeated",3605
"Quebec",1926-09-14,"General","16","Sherbrooke","Howard, Charles Benjamin","Man","Lumber merchant","Liberal Party of Canada","Elected",7582
"Quebec",1926-09-14,"General","16","Sherbrooke","REID, Albert Wyatt","Man","Journalist","Conservative (1867-1942)","Defeated",4640
"Quebec",1926-09-14,"General","16","St. Ann","Guérin, James John Edmund","Man","Physician","Liberal Party of Canada","Elected",11238
"Quebec",1926-09-14,"General","16","St. Ann","O'CONNELL, Thomas","Man","Contractor","Conservative (1867-1942)","Defeated",9474
"Quebec",1926-09-14,"General","16","St. Antoine","Bell, Leslie Gordon","Man","Lawyer","Conservative (1867-1942)","Elected",6605
"Quebec",1926-09-14,"General","16","St. Antoine","CREELMAN, John Jennings","Man","King's Counsel","Liberal Party of Canada","Defeated",6159
"Quebec",1926-09-14,"General","16","St. Denis","Denis, Joseph-Arthur","Man","Physician","Liberal Party of Canada","Elected",21497
"Quebec",1926-09-14,"General","16","St. Denis","MARION, René","Man","Travelling salesman","Conservative (1867-1942)","Defeated",4863
"Quebec",1926-09-14,"General","16","St. Henri","Mercier, Paul","Man","Lawyer","Liberal Party of Canada","Elected",9995
"Quebec",1926-09-14,"General","16","St. Henri","MONGEAU, Joseph","Man","Merchant","Independent Liberal","Defeated",2152
"Quebec",1926-09-14,"General","16","St. Hyacinthe--Rouville","Morin, Louis-Simon-René","Man","Notary","Liberal Party of Canada","Elected",7325
"Quebec",1926-09-14,"General","16","St. Hyacinthe--Rouville","BOUSQUET, Jean-Baptiste-Joseph-Eugène","Man","Lawyer","Conservative (1867-1942)","Defeated",1858
"Quebec",1926-09-14,"General","16","St. James","Rinfret, Louis Édouard Fernand","Man","Journalist","Liberal Party of Canada","Elected",12740
"Quebec",1926-09-14,"General","16","St. James","MARSAN, Georges-Avila","Man","Lawyer","Conservative (1867-1942)","Defeated",2192
"Quebec",1926-09-14,"General","16","St. Johns--Iberville","Benoit, Aldéric-Joseph","Man","Farmer and trader","Liberal Party of Canada","Elected",4802
"Quebec",1926-09-14,"General","16","St. Johns--Iberville","Rhéaume, Pierre Auguste Martial","Man","Butcher","Independent","Defeated",4006
"Quebec",1926-09-14,"General","16","St. Johns--Iberville","JULIEN, Herman","Man","Agent","Conservative (1867-1942)","Defeated",328
"Quebec",1926-09-14,"General","16","St. Lawrence--St. George","Cahan, Charles Hazlitt","Man","Lawyer","Conservative (1867-1942)","Elected",5725
"Quebec",1926-09-14,"General","16","St. Lawrence--St. George","MUNN, William Clement","Man","Contractor","Liberal Party of Canada","Defeated",3826
"Quebec",1926-09-14,"General","16","St. Mary","Deslauriers, Hermas","Man","Physician","Liberal Party of Canada","Elected",14793
"Quebec",1926-09-14,"General","16","St. Mary","Chartier, Eugène","Man","Publicist","Conservative (1867-1942)","Defeated",2836
"Quebec",1926-09-14,"General","16","Stanstead","Baldwin, Willis Keith","Man","Lumber merchant","Liberal Party of Canada","Elected",5135
"Quebec",1926-09-14,"General","16","Stanstead","FISH, George Garfield","Man","Merchant","Conservative (1867-1942)","Defeated",3740
"Quebec",1926-09-14,"General","16","Témiscouata","Pouliot, Jean-François","Man","Lawyer","Liberal Party of Canada","Elected",8431
"Quebec",1926-09-14,"General","16","Témiscouata","DUBÉ, Charles-Eugène","Man","Merchant","Conservative (1867-1942)","Defeated",6513
"Quebec",1926-09-14,"General","16","Terrebonne","Prévost, Jules-Édouard","Man","Journalist","Liberal Party of Canada","Elected",7060
"Quebec",1926-09-14,"General","16","Terrebonne","NANTEL, Léopold","Man","Lawyer","Conservative (1867-1942)","Defeated",2270
"Quebec",1926-09-14,"General","16","Three Rivers--St. Maurice","Bettez, Arthur","Man","Accountant","Liberal Party of Canada","Elected",11384
"Quebec",1926-09-14,"General","16","Three Rivers--St. Maurice","MABEE, James P.","Man","Broker","Conservative (1867-1942)","Defeated",5737
"Quebec",1926-09-14,"General","16","Vaudreuil--Soulanges","Wilson, Lawrence Alexander","Man","Gentleman","Liberal Party of Canada","Elected",5391
"Quebec",1926-09-14,"General","16","Vaudreuil--Soulanges","LEROUX, Eugène","Man","Lawyer","Conservative (1867-1942)","Defeated",1848
"Quebec",1926-09-14,"General","16","Wright","Perras, Fizalam-William","Man","Lumber merchant","Liberal Party of Canada","Elected",5950
"Quebec",1926-09-14,"General","16","Wright","LABELLE, François-Albert","Man","Notary","Conservative (1867-1942)","Defeated",5105
"Quebec",1926-09-14,"General","16","Yamaska","Boucher, Aimé","Man","Notary","Liberal Party of Canada","Elected",3500
"Quebec",1926-09-14,"General","16","Yamaska","BOULAIS, Joseph-Félix-Frédéric","Man","Notary","Conservative (1867-1942)","Defeated",3082
"Saskatchewan",1926-09-14,"General","16","Assiniboia","McKenzie, Robert","Man","Agent","Liberal Party of Canada","Elected",6066
"Saskatchewan",1926-09-14,"General","16","Assiniboia","HILL, Joseph","Man","Farmer","Conservative (1867-1942)","Defeated",3845
"Saskatchewan",1926-09-14,"General","16","Assiniboia","BURCHILL, Samuel","Man","Farmer","Progressive","Defeated",3137
"Saskatchewan",1926-09-14,"General","16","Humboldt","Totzke, Albert Frederick","Man","Druggist","Liberal Party of Canada","Elected",6264
"Saskatchewan",1926-09-14,"General","16","Humboldt","WILSON, Edward Sexton","Man","Barrister","Conservative (1867-1942)","Defeated",2447
"Saskatchewan",1926-09-14,"General","16","Kindersley","Carmichael, Archibald M.","Man","Farmer","Progressive","Elected",5540
"Saskatchewan",1926-09-14,"General","16","Kindersley","DOWD, John Albert","Man","Farmer","Liberal Party of Canada","Defeated",5326
"Saskatchewan",1926-09-14,"General","16","Last Mountain","Fansher, William Russell","Man","Farmer","Progressive","Elected",5080
"Saskatchewan",1926-09-14,"General","16","Last Mountain","MACFARLANE, William Anderson","Man","Farmer and financial agent","Liberal Party of Canada","Defeated",4890
"Saskatchewan",1926-09-14,"General","16","Long Lake","Johnston, John Frederick","Man","Farmer","Liberal Party of Canada","Elected",5113
"Saskatchewan",1926-09-14,"General","16","Long Lake","POUND, William","Man","Farmer","Conservative (1867-1942)","Defeated",3599
"Saskatchewan",1926-09-14,"General","16","Mackenzie","Campbell, Milton Neil","Man","Farmer","Progressive","Elected",5701
"Saskatchewan",1926-09-14,"General","16","Mackenzie","MacMillan, John Angus","Man","Barrister-at-law","Liberal Party of Canada","Defeated",4664
"Saskatchewan",1926-09-14,"General","16","Maple Creek","Spence, George","Man","Farmer","Liberal Party of Canada","Elected",8202
"Saskatchewan",1926-09-14,"General","16","Maple Creek","Swanston, James Beck","Man","Physician","Conservative (1867-1942)","Defeated",5772
"Saskatchewan",1926-09-14,"General","16","Melfort","McLean, Malcolm","Man","Farmer","Liberal Party of Canada","Elected",7270
"Saskatchewan",1926-09-14,"General","16","Melfort","KEOWN, Herbert Elwood","Man","Barrister","Conservative (1867-1942)","Defeated",4306
"Saskatchewan",1926-09-14,"General","16","Melville","Motherwell, William Richard","Man","Farmer","Liberal Party of Canada","Elected",7946
"Saskatchewan",1926-09-14,"General","16","Melville","PATRICK, John A.M.","Man","Barrister","Conservative (1867-1942)","Defeated",3796
"Saskatchewan",1926-09-14,"General","16","Moose Jaw","Ross, John Gordon","Man","Farmer and rancher","Liberal Party of Canada","Elected",8487
"Saskatchewan",1926-09-14,"General","16","Moose Jaw","WHITE, Wellington","Man","Farmer","Conservative (1867-1942)","Defeated",6060
"Saskatchewan",1926-09-14,"General","16","Moose Jaw","Johnson, Robert Milton","Man","Farmer","Progressive","Defeated",1798
"Saskatchewan",1926-09-14,"General","16","North Battleford","McIntosh, Cameron Ross","Man","Publisher","Liberal Party of Canada","Elected",6147
"Saskatchewan",1926-09-14,"General","16","North Battleford","Long, Charles Edwin","Man","Farmer","Conservative (1867-1942)","Defeated",2950
"Saskatchewan",1926-09-14,"General","16","Prince Albert","King, William Lyon Mackenzie","Man","Gentleman","Liberal Party of Canada","Elected",8933
"Saskatchewan",1926-09-14,"General","16","Prince Albert","Diefenbaker, John George","Man","Lawyer","Conservative (1867-1942)","Defeated",4838
"Saskatchewan",1926-09-14,"General","16","Qu'Appelle","Millar, John","Man","School teacher","Liberal Progressive","Elected",7778
"Saskatchewan",1926-09-14,"General","16","Qu'Appelle","LYND, William Wallace","Man","Barrister","Conservative (1867-1942)","Defeated",5891
"Saskatchewan",1926-09-14,"General","16","Regina","Dunning, Charles Avery","Man","Farmer","Liberal Party of Canada","Elected",8916
"Saskatchewan",1926-09-14,"General","16","Regina","MACKINNON, Andrew G.","Man","Barrister","Conservative (1867-1942)","Defeated",8001
"Saskatchewan",1926-09-14,"General","16","Rosetown","Evans, John","Man","Retired farmer","Progressive","Elected",5635
"Saskatchewan",1926-09-14,"General","16","Rosetown","Aseltine, Walter Morley","Man","Barrister","Conservative (1867-1942)","Defeated",2847
"Saskatchewan",1926-09-14,"General","16","Saskatoon","Young, Alexander MacGillivray","Man","Physician","Liberal Party of Canada","Elected",8058
"Saskatchewan",1926-09-14,"General","16","Saskatoon","MacMillan, Frank Roland","Man","Merchant","Conservative (1867-1942)","Defeated",5706
"Saskatchewan",1926-09-14,"General","16","South Battleford","Vallance, John","Man","Farmer","Liberal Party of Canada","Elected",5607
"Saskatchewan",1926-09-14,"General","16","South Battleford","LE RUEZ, Alfred Luce","Man","Farmer","Progressive","Defeated",4237
"Saskatchewan",1926-09-14,"General","16","South Battleford","HAGERMAN, James Arnold","Man","Agent","Conservative (1867-1942)","Defeated",3106
"Saskatchewan",1926-09-14,"General","16","Swift Current","Bothwell, Charles Edward","Man","Barrister","Liberal Party of Canada","Elected",5788
"Saskatchewan",1926-09-14,"General","16","Swift Current","Lewis, Arthur John","Man","Farmer","Social Credit Party of Canada","Defeated",3094
"Saskatchewan",1926-09-14,"General","16","Swift Current","LIVINGSTON, Archibald","Man","Implement dealer","Conservative (1867-1942)","Defeated",2097
"Saskatchewan",1926-09-14,"General","16","Weyburn","Young, Edward James","Man","Farmer","Liberal Party of Canada","Elected",6068
"Saskatchewan",1926-09-14,"General","16","Weyburn","Morrison, John","Man","Farmer","Progressive","Defeated",3493
"Saskatchewan",1926-09-14,"General","16","Willow Bunch","Donnelly, Thomas F.","Man","Physician","Liberal Party of Canada","Elected",7683
"Saskatchewan",1926-09-14,"General","16","Willow Bunch","EMERY, Charles Morley Wilki","Man","Farmer","Progressive","Defeated",3123
"Saskatchewan",1926-09-14,"General","16","Willow Bunch","Marcotte, Arthur","Man","Barrister","Conservative (1867-1942)","Defeated",2263
"Saskatchewan",1926-09-14,"General","16","Yorkton","McPhee, George Washington","Man","Barrister-at-law","Liberal Party of Canada","Elected",4421
"Saskatchewan",1926-09-14,"General","16","Yorkton","LOUCKS, Roy David","Man","Farmer","Progressive","Defeated",3121
"Yukon",1926-09-14,"General","16","Yukon","Black, George","Man","Barrister","Conservative (1867-1942)","Elected",823
"Yukon",1926-09-14,"General","16","Yukon","Congdon, Frederick Tennyson","Man","Barrister","Liberal Party of Canada","Defeated",648
